{
  "timestamp": "20250529_084437",
  "iterations": 10,
  "summary": {
    "encryption": {
      "mean_time": 1.0545907974243165,
      "success_rate": 0
    },
    "access_control": {
      "MANUFACTURER": {
        "mean_time": 1.4113547086715699,
        "success_rate": 1.0
      },
      "LOGISTIC": {
        "mean_time": 2.3503963708877564,
        "success_rate": 1.0
      },
      "CUSTOMS": {
        "mean_time": 0.4288342475891113,
        "success_rate": 0.0
      },
      "SUPPLIER": {
        "mean_time": 0.43586339950561526,
        "success_rate": 0.0
      }
    },
    "file_sizes": {
      "slice1": {
        "mean_time": 1.425708246231079,
        "success_rate": 0
      },
      "slice2": {
        "mean_time": 1.4311475515365601,
        "success_rate": 0
      },
      "slice3": {
        "mean_time": 1.4381410121917724,
        "success_rate": 0
      },
      "slice4": {
        "mean_time": 1.4628579378128053,
        "success_rate": 0
      }
    }
  },
  "detailed_results": [
    {
      "encryption": {
        "time": 1.0303115844726562,
        "memory_delta": 0.0,
        "cpu_usage": 0.0,
        "success": true
      },
      "access_control": {
        "MANUFACTURER": {
          "time": 1.3086743354797363,
          "memory_delta": 0.0,
          "cpu_usage": 0.0,
          "success": true
        },
        "LOGISTIC": {
          "time": 2.2706713676452637,
          "memory_delta": 0.0,
          "cpu_usage": 0.0,
          "success": true
        },
        "CUSTOMS": {
          "time": 0.3926670551300049,
          "memory_delta": 0.0,
          "cpu_usage": 0.0,
          "success": false
        },
        "SUPPLIER": {
          "time": 0.4186971187591553,
          "memory_delta": 0.0,
          "cpu_usage": 0.0,
          "success": false
        }
      },
      "file_sizes": {
        "slice1": {
          "time": 1.3186290264129639,
          "memory_delta": 0.0,
          "cpu_usage": 0.0,
          "success": true
        },
        "slice2": {
          "time": 1.322957992553711,
          "memory_delta": 0.0,
          "cpu_usage": 0.0,
          "success": false
        },
        "slice3": {
          "time": 1.3734002113342285,
          "memory_delta": 0.0,
          "cpu_usage": 0.0,
          "success": true
        },
        "slice4": {
          "time": 1.5371720790863037,
          "memory_delta": 0.0,
          "cpu_usage": 0.0,
          "success": false
        }
      }
    },
    {
      "encryption": {
        "time": 1.030303716659546,
        "memory_delta": 0.0,
        "cpu_usage": 0.0,
        "success": true
      },
      "access_control": {
        "MANUFACTURER": {
          "time": 1.3958103656768799,
          "memory_delta": 0.0,
          "cpu_usage": 0.0,
          "success": true
        },
        "LOGISTIC": {
          "time": 2.2620153427124023,
          "memory_delta": 0.0,
          "cpu_usage": 0.0,
          "success": true
        },
        "CUSTOMS": {
          "time": 0.40190720558166504,
          "memory_delta": 0.0,
          "cpu_usage": 0.0,
          "success": false
        },
        "SUPPLIER": {
          "time": 0.41730189323425293,
          "memory_delta": 0.0,
          "cpu_usage": 0.0,
          "success": false
        }
      },
      "file_sizes": {
        "slice1": {
          "time": 1.474550724029541,
          "memory_delta": 0.0,
          "cpu_usage": 0.0,
          "success": true
        },
        "slice2": {
          "time": 1.4260637760162354,
          "memory_delta": 0.0,
          "cpu_usage": 0.0,
          "success": false
        },
        "slice3": {
          "time": 1.4805142879486084,
          "memory_delta": 0.0,
          "cpu_usage": 0.0,
          "success": true
        },
        "slice4": {
          "time": 1.5360465049743652,
          "memory_delta": 0.0,
          "cpu_usage": 0.0,
          "success": false
        }
      }
    },
    {
      "encryption": {
        "time": 1.023535966873169,
        "memory_delta": 0.0,
        "cpu_usage": 0.0,
        "success": true
      },
      "access_control": {
        "MANUFACTURER": {
          "time": 1.4592044353485107,
          "memory_delta": 0.0,
          "cpu_usage": 0.0,
          "success": true
        },
        "LOGISTIC": {
          "time": 2.482229709625244,
          "memory_delta": 0.0,
          "cpu_usage": 0.0,
          "success": true
        },
        "CUSTOMS": {
          "time": 0.4364354610443115,
          "memory_delta": 0.0,
          "cpu_usage": 0.0,
          "success": false
        },
        "SUPPLIER": {
          "time": 0.4541800022125244,
          "memory_delta": 0.0,
          "cpu_usage": 0.0,
          "success": false
        }
      },
      "file_sizes": {
        "slice1": {
          "time": 1.377065658569336,
          "memory_delta": 0.0,
          "cpu_usage": 0.0,
          "success": true
        },
        "slice2": {
          "time": 1.3508479595184326,
          "memory_delta": 0.0,
          "cpu_usage": 0.0,
          "success": false
        },
        "slice3": {
          "time": 1.3985705375671387,
          "memory_delta": 0.0,
          "cpu_usage": 0.0,
          "success": true
        },
        "slice4": {
          "time": 1.5250041484832764,
          "memory_delta": 0.0,
          "cpu_usage": 0.0,
          "success": false
        }
      }
    },
    {
      "encryption": {
        "time": 1.0554158687591553,
        "memory_delta": 0.0,
        "cpu_usage": 0.0,
        "success": true
      },
      "access_control": {
        "MANUFACTURER": {
          "time": 1.3998801708221436,
          "memory_delta": 0.0,
          "cpu_usage": 0.0,
          "success": true
        },
        "LOGISTIC": {
          "time": 2.3439958095550537,
          "memory_delta": 0.0,
          "cpu_usage": 0.0,
          "success": true
        },
        "CUSTOMS": {
          "time": 0.460402250289917,
          "memory_delta": 0.0,
          "cpu_usage": 0.0,
          "success": false
        },
        "SUPPLIER": {
          "time": 0.45343017578125,
          "memory_delta": 0.0,
          "cpu_usage": 0.0,
          "success": false
        }
      },
      "file_sizes": {
        "slice1": {
          "time": 1.448742151260376,
          "memory_delta": 0.0,
          "cpu_usage": 0.0,
          "success": true
        },
        "slice2": {
          "time": 1.5117218494415283,
          "memory_delta": 0.0,
          "cpu_usage": 0.0,
          "success": false
        },
        "slice3": {
          "time": 1.357206106185913,
          "memory_delta": 0.0,
          "cpu_usage": 0.0,
          "success": true
        },
        "slice4": {
          "time": 1.4327669143676758,
          "memory_delta": 0.0,
          "cpu_usage": 0.0,
          "success": false
        }
      }
    },
    {
      "encryption": {
        "time": 1.0476813316345215,
        "memory_delta": 0.0,
        "cpu_usage": 0.0,
        "success": true
      },
      "access_control": {
        "MANUFACTURER": {
          "time": 1.391679286956787,
          "memory_delta": 0.0,
          "cpu_usage": 0.0,
          "success": true
        },
        "LOGISTIC": {
          "time": 2.2653772830963135,
          "memory_delta": 0.0,
          "cpu_usage": 0.0,
          "success": true
        },
        "CUSTOMS": {
          "time": 0.4711918830871582,
          "memory_delta": 0.0,
          "cpu_usage": 0.0,
          "success": false
        },
        "SUPPLIER": {
          "time": 0.5100581645965576,
          "memory_delta": 0.0,
          "cpu_usage": 0.0,
          "success": false
        }
      },
      "file_sizes": {
        "slice1": {
          "time": 1.4627864360809326,
          "memory_delta": 0.0,
          "cpu_usage": 0.0,
          "success": true
        },
        "slice2": {
          "time": 1.622657299041748,
          "memory_delta": 0.0,
          "cpu_usage": 0.0,